<?xml version="1.0" encoding="UTF-8" ?>
<module>
    <name>alsatpayment</name>
    <displayName><![CDATA[درگاه پرداخت آلسات پرداخت]]></displayName>
    <version><![CDATA[1.0]]></version>
    <description><![CDATA[https://www.alsatpardakht.com/Plugin/]]></description>
    <author><![CDATA[mohammad salehe alizadegan]]></author>
    <tab><![CDATA[payments_gateways]]></tab>
	<confirmUninstall><![CDATA[شما از حذف این ماژول مطمئن هستید ؟]]></confirmUninstall>
    <is_configurable>1</is_configurable>
    <need_instance>1</need_instance>
	<limited_countries></limited_countries>
</module>